{"cameraMode":{"drawMode":0,"name":"Shaded","section":"Shading Mode"},"sceneLighting":true,"audioPlay":false,"sceneViewState":{"m_AlwaysRefresh":false,"showFog":true,"showSkybox":true,"showFlares":true,"showImageEffects":true,"showParticleSystems":true,"showVisualEffectGraphs":true,"m_FxEnabled":true},"in2DMode":false,"pivot":{"x":4.861570358276367,"y":-0.10785245895385742,"z":-18.230758666992189},"rotation":{"x":0.12111902981996536,"y":0.5387169122695923,"z":-0.07861240208148956,"w":0.8300250172615051},"size":13.347711563110352,"orthographic":false}