{"cameraMode":{"drawMode":0,"name":"Shaded","section":"Shading Mode"},"sceneLighting":true,"audioPlay":false,"sceneViewState":{"m_AlwaysRefresh":false,"showFog":true,"showSkybox":true,"showFlares":true,"showImageEffects":true,"showParticleSystems":true,"showVisualEffectGraphs":true,"m_FxEnabled":true},"in2DMode":false,"pivot":{"x":75.87812805175781,"y":103.90132904052735,"z":-49.04216384887695},"rotation":{"x":0.0053324312902987,"y":0.9930300116539002,"z":-0.10827893018722534,"w":0.04825206100940704},"size":2.6952126026153566,"orthographic":false}